,sum_sq,df,F,PR(>F)
C(cluster),394013.5003322617,2.0,35.591631090310734,1.5604182357604982e-08
Residual,160520.76231968822,29.0,,
