,sum_sq,df,F,PR(>F)
C(leverage_group),45675660.05908849,2.0,27.107313695905876,1.6941578522959152e-12
Residual,177948000447.52234,211215.0,,
