leverage_group,average_profit_loss,number_of_trades,number_of_wins,win_rate
Low Leverage,32.44702015243465,69702,28943,41.52391609996844
Medium Leverage,44.81184653224395,69703,30229,43.368291178285006
High Leverage,67.80589324779636,71813,27691,38.55987077548633
