,sum_sq,df,F,PR(>F)
C(classification),30542477.561934583,4.0,9.062225672397235,2.5753989849026544e-07
Residual,177963133630.01947,211213.0,,
